Nombre,CARGO
"
                            Janeyri Elizabeth Boyer Carrera
                          ",Presidenta Ejecutiva de SERVIR
"
                            Paola Bustamante Suárez
                          ",Consejera
"
                            José Armando Calderón Valenzuela
                          ",Consejero
"
                            Adriana Milagros Mindreau Zelasco
                          ",Consejera
"
                            Sara María Arobes Escobar
                          ",Consejera – Secretaria de Gestión Pública de la Presidencia del Consejo de Ministros
